{"cameraMode":{"drawMode":0,"name":"Shaded","section":"Shading Mode"},"sceneLighting":false,"audioPlay":false,"sceneViewState":{"m_AlwaysRefresh":false,"showFog":false,"showSkybox":false,"showFlares":false,"showImageEffects":false,"showParticleSystems":false,"showVisualEffectGraphs":false,"m_FxEnabled":true},"in2DMode":false,"pivot":{"x":40.68317413330078,"y":3.502169132232666,"z":43.878082275390628},"rotation":{"x":-0.0018607944948598743,"y":0.9660332798957825,"z":-0.25834062695503237,"w":-0.006954032927751541},"size":4.378558158874512,"orthographic":false}