{"cameraMode":{"drawMode":0,"name":"Shaded","section":"Shading Mode"},"sceneLighting":false,"audioPlay":false,"sceneViewState":{"m_AlwaysRefresh":false,"showFog":false,"showSkybox":false,"showFlares":false,"showImageEffects":false,"showParticleSystems":false,"showVisualEffectGraphs":false,"m_FxEnabled":true},"in2DMode":false,"pivot":{"x":19.701948165893556,"y":0.39799997210502627,"z":22.080198287963868},"rotation":{"x":0.008144933730363846,"y":0.9775241613388062,"z":-0.207135871052742,"w":0.03843752667307854},"size":31.70339584350586,"orthographic":false}