{"cameraMode":{"drawMode":0,"name":"Shaded","section":"Shading Mode"},"sceneLighting":true,"audioPlay":false,"sceneViewState":{"m_AlwaysRefresh":false,"showFog":false,"showSkybox":false,"showFlares":false,"showImageEffects":false,"showParticleSystems":false,"showVisualEffectGraphs":false,"m_FxEnabled":true},"in2DMode":false,"pivot":{"x":0.008159637451171875,"y":6.451209545135498,"z":0.22431409358978272},"rotation":{"x":-0.05522770807147026,"y":-0.8158602118492127,"z":0.07873517274856568,"w":-0.5704749226570129},"size":1.8608497381210328,"orthographic":false}